,V1,V2,V3,V4,V5,V6,V7,V8,V9,V10,V11,V12,V13,V14,V15,V16,V17,V18,V19,V20,V21,V22,V23,V24,V25,V26,V27,V28,V29,V30,V31,V32,V33,V34,V35,V36,V37,V38,V39,V40,V41,V42,V43,V44,V45,V46,V47,V48,V49,V50
1,0.095580535,0.0127904,0.000488911,0.114160233,-0.158542996,0.038689698,0.165933503,0.104876822,0.514189232,-0.126306152,-0.032719425,0.039756656,0.068970789,-0.183315995,-0.128974334,-0.007180117,0.00886023,-0.079652996,0.251229568,-0.070925495,0.022117963,-0.122929381,-0.052464596,0.004769753,0.095370181,-0.076224091,0.006321559,-0.072055868,0.222035282,0.048655618,0.114434212,-0.337203152,0.017553305,-0.033481431,-0.08190225,0.1217094,0.000354077,-0.216581683,-0.142053259,0.137835262,0.146965946,0.129006019,-0.109819469,0.354025759,-0.132170957,-0.107392821,-0.021194694,-0.06484218,-0.153750603,0.097022756
2,-0.027928122,0.005088287,0.104142648,0.080559926,0.048964194,-0.41224035,0.499534433,0.198194674,0.231037753,-0.212940917,0.045655766,0.04282405,0.034019282,-0.04999348,-0.134203793,-0.080587487,-0.160435101,-0.022396648,0.165495017,0.103498955,-0.377658714,0.018154384,0.054578341,0.069266656,0.077644443,-0.192131269,-0.074968721,-0.212525999,0.109026985,0.074108835,-0.062382175,0.251234014,-0.127856287,-0.075878323,-0.05381512,-0.067314522,-0.36659508,0.108064892,-0.180683644,0.007113527,-0.031373465,-0.003862686,-0.215151774,0.250601531,-0.148126856,0.223889877,0.005097037,-0.130504741,-0.263010866,0.135533036
3,0.00787236,0.217733347,0.370270179,-0.062260103,-0.014229823,-0.103017094,-0.173455698,-0.040141813,0.649863691,-0.005438232,-0.111785593,0.029980002,0.086076447,0.024637413,-0.336016246,0.264294804,0.188519583,-0.009136096,-0.064465661,0.24329051,-0.031562489,0.238474441,0.071166341,0.060299338,-0.057083852,-0.1842003,-0.015648205,-0.012500469,-0.113575163,0.335539985,-0.233590607,-0.156457595,-0.034262527,0.144380065,-0.071929044,-0.099497754,-0.222905044,-0.097953243,0.008265833,-0.100569618,-0.051598117,0.065199987,-0.092165921,0.148957545,-0.081147551,0.040228436,-0.239608117,-0.142538471,-0.177593964,-0.02930996
4,-0.003741141,0.049588185,0.016958816,0.07978794,0.066604193,-0.074988724,0.038492117,-0.07793462,0.226554299,-0.148289246,-0.110083818,0.005750958,0.024518034,0.032294531,-0.128129172,-0.077842229,-0.179147549,-0.021000817,0.020797823,-0.002464907,-0.160226548,0.227590887,-0.112225564,0.014152063,0.083765495,-0.034256981,0.179692547,-0.098073126,-0.038207849,-0.033152114,-0.224314227,-0.102048875,-0.108492544,-0.129369706,-0.026345757,-0.115350505,0.349377276,0.080834507,0.065867989,0.031436345,-0.079996182,0.105133973,-0.023564599,0.247008619,-0.065040342,0.162180213,-0.157949939,0.101512506,-0.042797118,-0.049452044
5,0.014143987,0.052625241,-0.006263134,0.000903207,0.009627724,0.006833082,-0.007990806,0.041229958,0.26276646,0.035969556,0.001827155,0.00683717,-0.001268931,-0.026325888,0.034654446,-0.05723612,-0.388828541,-0.025553645,0,0.003588502,-0.00537179,-0.039699047,0.03870848,0.026668863,0.057905184,-0.060863817,0.051891655,0.010376946,-0.074152708,-0.137445641,0,0.001305308,-0.004523473,-0.026516862,-0.005397306,0,-0.027562984,-0.036799241,-0.056562402,-0.005263431,-0.018450365,-0.004624953,0.025876206,-0.064573765,-0.017563543,0.032867526,0.030186423,-0.019973491,-0.007089565,0.00666581
6,0.028973453,-0.007451932,0.004745387,-0.066673339,-0.015270113,-0.017012871,-0.005615557,-0.004144624,0.019166694,0.008946281,0.020767203,-0.006713123,0.001041601,-0.002026196,-0.014467251,0.020054035,-0.018448287,-0.01169787,-0.003380476,-0.001524326,-0.043562669,0.017362138,0.004975135,0.017866691,0.003788828,0.023340783,0.012540747,0.032558392,-0.004005205,-0.054518353,0,0.17834278,0.000963203,0.043531478,-0.169481719,0.007678418,0.041810092,-0.010272391,-0.24290577,-0.012177155,0.015832617,-0.038339633,0.069088445,-0.004050224,-0.037901438,-0.035691328,0.009898025,-0.014560414,0.004016123,-0.003023747
7,0.037379077,-0.025768713,0.066374474,0.009235141,-0.061142692,0.066034876,-0.024247657,0.012286126,-0.275036378,-0.00309805,0.012719414,-0.017595225,0.000902742,0.167760099,0.011622254,-0.067986294,-0.004627713,0.012901774,-0.297620375,0.088618587,-0.003487733,-0.003146714,-0.000745616,0.004210864,-0.004136043,0.058355605,0.007754565,-0.034761192,0.041438925,-0.038352482,0.000306629,-0.022387656,0.053892957,0.000459876,-0.005334438,-0.065180357,0.08960249,0.039470466,0.241125303,0.034669148,0.052458329,-0.002984225,-0.108082498,-0.019525658,-0.023102679,0.019950612,-0.110048172,-0.043277304,-0.040775893,0
8,0.036614017,0.018839381,3.19E-05,-0.019308165,-0.014444864,-0.003011777,0.014012475,0.032804561,0.037465206,0.007449086,-0.000629032,0.016738122,-0.015189423,-0.04532572,-0.039128705,-0.261381096,-0.625972945,-0.002729441,-0.280812181,-0.00081288,0.005481467,-0.034287179,0.004516848,-0.081957137,-0.239380986,0.010210782,-0.066177553,-0.039110222,0.014556732,0.034701247,0,0.02253353,0.006629984,0.016714472,-0.013813744,-0.013858519,0.004692061,0.054567352,-0.024861781,-0.02001119,0.05318313,-0.004301007,-0.090439787,0.001115832,-0.057011987,4.81E-05,0.094577699,-0.020711489,-0.071618656,-0.000596669
9,0.019252185,0.039020225,0.01805911,0.00504001,-0.028849081,-0.00289617,0,0.023606146,-0.048893748,0.046831139,0.036203036,-0.072780615,0.000650021,0.05351444,-0.004472259,0.135253515,-0.202798072,-0.004279078,0.001337181,0.017044778,0.049938028,0.009373795,0.044538988,-0.083262561,0.016628394,0.045403576,0.01357441,0.017343811,0.008921677,0.000855424,0.002027892,-0.056115982,-0.008992866,-0.087352323,-0.028356498,0.009712891,-0.01315969,-0.111114095,0.084834217,-0.021099138,0.033768597,-0.006065163,-0.001197319,-0.053275391,-0.001310125,0.032027307,-0.000292348,-0.070667355,-0.015096651,0
10,-0.015567319,0.011742847,0.013724058,-0.0036649,0.013037066,-0.005360252,-0.011386659,-0.008002508,-0.069816833,-0.036972299,-0.046252613,0.012158756,-0.00031839,-0.005088277,-0.012048236,-0.024038303,-0.217562283,0.076556082,0.125979055,-0.117951809,0.072588557,-0.054154783,-0.013476855,-0.023449362,-0.006926021,0.005981195,-0.098981574,-0.192082067,0.009202801,-0.01024723,0.003744336,-0.049160685,0,-0.017013548,-0.043408909,-0.042330609,0.021620653,-0.034813402,0.000514427,0.001244829,-0.032288258,-0.004350695,-0.031887034,0.019495649,-0.029402522,-0.065038439,0.003474021,0.030545659,-0.004210641,0
11,0.537344069,0.975990761,0.514004106,0.836469652,0,0.481136578,0.873819888,0,0.520787157,0,0.874597877,0.581978703,0.180067913,0.687990932,0,0.814460465,0.79593018,0,0,0.202036741,0.030861965,0.70137465,0.288175382,0.364153202,0.752813297,0.102599147,0.336011185,0.057076969,1.212609307,0.53868033,0,1.297931155,0.277882293,0.848836226,0.716069216,0.679782623,1.286783659,0,0.737428982,0.617386296,0.6294623,0.442195927,1.356134501,0.92502462,0.663476914,0.555421921,0.336503653,0,1.292878127,0.920447454
12,1.491444268,0.641261082,0.50525607,0.820193433,0.825725928,0.532069413,0,0.070059697,0.196357791,0.364258886,0.342236944,0.734843424,0.784969156,0.51198543,0.751757863,0.864833154,0.104052061,0.495429492,0,0.232432562,0.791829662,0.361066087,0.681283614,0.95243383,0.25406059,1.007863953,1.028294967,0.12886121,0,0.479427051,0,0.268005986,0.786323356,1.149562218,0.380049163,0,0.433574238,0.645494291,0.818001276,0,0.251026773,1.211501993,0.99629476,0.529712255,0.738856049,1.686853746,0.347503476,0.666482508,0.976858097,0
13,0.133916671,0.840355614,0,0.383929267,0.248276964,0,0.89709614,1.088086919,0.735174619,0.799623796,1.139463933,0.380351481,0.522451262,0.219732461,0.84354465,0.723228663,0.549553165,1.013412475,0,0.693882277,0,0.239105306,1.076921826,1.058003662,0.833404222,0.287066699,0.480226253,0.190739888,0.442799691,0.972584151,0.388182922,0.454233892,0.731050395,1.101540664,1.069054319,0.886822477,0.271415697,1.064490247,0.059895847,0.485481437,0.397116496,1.112002785,0.959570679,0.858599243,1.062895253,0.24090234,1.030037125,0.676912852,0.508818,0
14,0,-0.282605891,-0.907355483,0,0,0,0,-0.10026679,-0.426982951,0.162170673,0,0,0,0,0,0.079361297,0,-0.231002206,0,0.180622373,0,0,0,0,0,-0.463181505,0,0,0,0,0,-0.063226737,0,0,0,0,0,-0.065608086,0,-0.005660517,-0.050134688,0.109395225,-0.008247361,0,0.021197995,0,0,0.831889112,0.172428506,0
15,-0.066959412,0,0,0,0,0,0,0,0.018724522,0,0.102823008,0,0,0.097200825,0,0,0,0,0,0,0,0,0.155742679,0,0,0,0,0,0,0,0,0,0,0,-0.293453988,0,0,0,0,0,0,0,-0.104017908,-0.051975836,-0.161007621,0,0.385442845,0,0,0.013351966
16,0,0,0.323509256,0,0,0,0,0,0.126470426,0.041761122,-0.762410786,0,0.193264273,0,0,0.601678812,0,-0.277314987,0,0,0,0,-0.143340154,0,0,0,0,0.187653164,0,-0.342606713,0,-0.008212071,0,0,0,0,0,-0.012078083,0,0,-0.207868546,-9.12E-05,0,0,0,0,-0.128028335,0.316039864,0,0
17,0.15484125,0,0,0.12945715,0,0,0,-0.000962349,0,0,-0.109354681,0,0,0,-0.144244445,4.67E-07,0,0,0,-0.032561892,0,0.045577738,0,-0.045558452,0,0,0.521967461,0,0,0,0,-0.051701172,0,-0.056341576,0,0,0,0,0.133175718,0,0,0.3998078,0.335925729,0,0.274889977,-0.662947946,0,-0.260334929,0,0
18,0,-0.06025805,-0.158413766,0.077034513,0,0,0,0.02855214,0,0,0,0.097599725,0,-0.141377862,0,0,0.022492651,0,0.016127935,0,0,0.045331033,0,0,0,0,0,0,0,0.157573874,0,0.426656254,0,-0.21468331,0,-0.495528605,0,0,0,0,0.260581206,0,0,0,0,0.013803327,0,0,0,0
19,0,0,0,0,0,0,0,0,0,0,0.13718306,0,0,0,-0.026269542,0.456535201,0,0,0,0,0,0.337694651,0,0.018700943,-0.043906463,0.080744548,0.141568794,0,0,0,0,0.350851146,0,0,0,0,0,0,0,0,0.103417818,0,0.071942661,0.158052239,0,0,0.185107057,0,0,0
20,1.007935745,1.045928095,0.292172202,0.906347629,1.10725101,0,0.307080309,0.579131933,0.521697747,0.297109925,0.617437493,0.767180819,0.602945594,0.848680647,0.533996353,0.563800086,0.57916493,1.050226777,0.146427161,0.672975732,0,0.65035374,1.013776095,0.310433151,0.490250047,0.768362906,0.456265672,0,0.454907506,0.5641583,0.28008989,1.147516847,0.563580627,0.354730156,1.110528262,0,1.142466278,0.598074565,0,0.594654215,0.354201923,0.456215836,0.627111257,0.13359371,0.63513398,0.98930137,0.935936935,1.150968986,0.701022296,0.06459451
21,1.37725048,0,0.83271477,1.158619324,0,0.789558725,0.479380616,0.41045081,0.233709794,0.747528913,0.456554249,0.338829961,0.075096697,1.27037698,1.157925277,0.558622477,0.34370418,0.436601095,0.751343822,0.46469227,0.734417098,0.765782094,0.698909388,0.75626156,0.216970315,0.800390349,0.665545914,0.118750831,0.847678328,0,0,1.217170266,0,0.761892795,0.587988097,1.067399066,0.915442607,0.516276816,0.38055433,0.92809179,0.880830643,0.443789391,1.109615317,0.636856091,0.687599969,0.586540687,0.103651174,0.884737096,0.385315015,0.248052947
22,0,0,0,-0.015058917,0,0.022117749,0,0.17249602,0,-0.173623288,0,-0.234658544,-0.046361941,0,0,0.267413677,0.116741294,0,0,0,0,0,0,0,0.520378693,0,-0.259622929,-0.399083799,0,0,0,0,0,0,0.058136189,0,0,0,0,-0.295574711,0,0,0,0,0,0,-0.148913731,0.061407914,0,0.081849921
23,0,0,0,0,0,0,0,0,0,-0.126318472,0.044228795,0.177846032,0,-0.041776775,0,0,0,-0.298334289,0,0.154443829,0,0,0,0.120236678,0,0,0,-0.006462467,0,0,0,0,0,0,0.736815921,0,0.403657087,0,0,0,0.40817864,0,-0.47960991,0,0,0.636761605,0,-0.088234986,0,0
24,0.054391512,0,0,-0.046499439,0,-0.262828241,0,0,0,0,0,0,0,0,-0.179007948,0.166090496,-0.223967487,0,0,0,0,-0.043290994,0,0,0,-0.351006756,0.124068898,-0.192102925,0,0,0,0.299939049,-0.139962929,0,-0.103572585,0,0,0.411581956,0,0,0,0.110660067,0,0.140746219,-0.156020662,0,0,0.221082777,0,0
25,0,0,0,0.292960304,0,0,0,0,0,0,0.089904292,0,0,-0.047950002,-0.015817721,0,0,-0.106090373,0,0,0,0,0,0,0,0,0.150399092,0,0,0.05675724,0,-0.181507726,0,0,-0.085407175,0,0,-0.145731045,0,0,0.114899209,0,0.595669347,0,0,0,0,0,0,0
26,0,0,0,0,0,0,0,0,0,0,0.248399166,0,0,-0.020892878,0,0,0,0,0,0,-0.315445223,0.420101941,0,0,0,0,0,0.317248592,0,0.094826643,0,0,0,-0.320330954,0,0,0,0,0.362886571,0,0.679922397,0,0.130875591,-0.46603068,0,0,0,0,0,0
27,0,0.492528121,0,0.061103879,0,0,0,0.19088428,-0.245625576,0,0,0,0,-0.342697168,-0.060926798,0,0,0,0,0,0.524565569,0.422469363,0.035055743,0.065614255,0,0,0.130119281,0.686657958,0,0,0,0,0,0,0,0,0,0.142146875,0,-0.058662968,0,0.095187734,0,0,0,0.230864699,0,-0.395888652,0,0
28,0.273971125,1.132309145,0.457986418,0.395463569,0.666213103,0.774571873,0.726243736,1.235812033,0.540727768,0.944577611,1.544219185,0.904297043,0.972459822,0.83143758,0.228036716,0.829720256,0.762520714,0.441262271,0,0.196660152,0.726375551,1.105517789,0.564265545,0.477378458,0.310568818,0.648763802,0.834217701,0.372852057,0.820042244,0.56265643,0.4767701,1.409929281,0.20765148,0.938002432,0.951598356,0.286260399,0.05136524,0.273142961,0,0.192404413,0.537283537,0.223245176,0.386638004,1.005398463,0.490778325,1.322393273,1.249654138,0.347214256,1.130144318,0.555190721
29,0,0,0.490791569,0,0.104288512,-0.234674041,0,0.230461151,0,0,0,0,0,0,0,0,0,-0.094892286,0,0,-0.279403428,0,0,0,0,0.091222469,0.228651503,0,0,-0.067248546,0,0,-0.231828281,0,0,0,0.165447011,0.086733844,0,0,-0.081144781,0,0,-0.467786306,0.325415204,0,-0.198553792,0,0,0
30,-0.126179426,-0.323716119,0,0,0,-0.681797869,0,0,0,0,-0.271233345,0.038131728,0,0,0,0,0.235071595,0,0,-0.033753006,0,0.020404134,0,0,0,0,0.414652665,-0.162251425,0,-0.127613822,0,0,0,0.091151406,-0.029093932,0,0,0,0,0,0,0,-0.058864442,0,0,-0.110756484,0,0,0,0
31,0,0.641059678,0,0,0,0.138344037,0,0.150132582,0,0.065524146,0,0.097956949,0,0,0.029145395,0,0,0,0,0,0,0.010382142,0,0,0.009114982,-0.182251687,0.581246786,0,0,0,0,0,-0.44033268,0,0,0,0,0,0,-0.150595692,0.322942869,0,0,0,0.060314189,0.357752105,0,0,0.091261724,0
32,0,0,0,0.159900066,0,0,-0.344967556,0,0,0,0,-0.204894181,0,0,0,0,0,0,0,-0.135325402,0.078958508,0,0,0,0,0,0,0,0,0,0,0,0,0,0,0,0,0,0,0.158139382,0,0,0.02358321,0,0.630882094,-0.548966048,0,0,0,0
33,0,1.165310567,0,0,0,-0.410526842,0,0,-0.044731484,0,0,0,0,0,0,0,-0.142236018,0.516027094,0,0,0,0,0,0,-0.385221089,0,-0.161858969,0,0,0,0,-0.064429085,0,0.229696031,0,0,0,0,0,0.153467331,0,0,-0.319210439,0.036073248,0.034792333,0.059493491,0,0.273832682,0,0
34,0,-0.217448959,0,0,0.09340943,0.120505944,0,0,0,0,0,0,0,0,0,0,0.305937029,-0.136657823,0,0,0,0.076196115,0,-0.129776574,0,0,0,0.117322925,-0.04148436,0,-0.050410469,0,0,0,0,0,0,0.281257475,0,0,-0.10196393,0,0,0.273667827,0.155574278,0,0,0,0,0
35,0,0.306889239,0,0,0,0,-0.258356622,0.395952988,0,0,0,0.079291251,0,0.188288889,0,0.311190986,0,0,0,0,0.145600066,0,0,-0.068128305,0.238561627,0,0,0,-0.642984154,0.051643519,0,0,0,0.355414074,0,0,0.212841504,0,0,-0.128311105,0,0.016211285,0.513577773,0,0.471123672,0,0,0,0,0
36,0.091599819,0,-0.535175178,0.115247943,0,0,0,0,0,-0.001528784,-0.10075292,0,0,0.690969658,0,0.391003697,0,0,0,0,-0.624105647,0.141625503,0,0.004590938,0,0,0,0,0,0,0,0.407051142,-0.216186608,0,0,-0.295320888,-0.149268399,0,0,0,0,0,-0.156033892,-0.349218871,0,0,0,0,0,0.054080329
37,0,0,0,0,0,-0.093711632,0,0,0,0.315045292,-0.234706939,0,-0.096419086,0,0,0,0,0,0.108056602,0,0,0,0,-0.075375134,0,0,-0.053222815,0,0,0.114163427,0,0,0,0,-0.300697026,0.707722266,-0.324534231,0,0,0,-0.252329413,0,0,-0.234778806,0.014787139,-0.078434549,0,0,0.0975128,0
38,0,0,0,0,0,0,0,0,-0.60618625,0,0,-0.440885288,0,0,0,0,0,0,0,0,0,-0.590690415,0,0,0,0,0,0,-0.035339152,0,0,0,0,0,0,0,0,0.000110152,0,0,-0.2169242,-0.114791032,-0.204021406,0,0,0.094837823,0,0.056204394,-0.333182759,0
39,0,-0.111843252,0.051681985,0,0.336117506,0,0,0,-0.265445871,0,0,0,0,0.122214326,0,0,0,0,0,0,0,0.363267584,0,0,0,0.086515303,0,0,0,0,-0.035030053,0,0.359145344,0,-0.183880864,0,0,-0.032601463,0,-0.625659354,0.10841184,0,0,0,-0.212622012,0.034638786,0,-0.088719207,0,0
40,0,0,0,0,0,0.044843502,0,-0.517649635,0.232683054,0,-0.814674205,0,0.070872463,-0.202604205,-0.29308924,-0.043698237,0,0,0,0,0,0,0,0,0,-0.035568961,-0.517643048,0,0,0,0,0,0,0.129819793,0,0,0,0.215405602,0,0,-0.019435749,0,-0.224122079,0,-0.074138005,-0.291980539,0,0,-0.206865439,0
41,-0.323287923,0,0,0,0,0,0.116232862,0,0,0,0,0.049757976,0,0,-0.201055235,0.124130636,0,0,0,0,-0.386681843,-0.268373959,0,0,0,0,0,0,0,-0.374398671,0,-0.178122559,0,0,0,0,0,0,0,0.207214222,-0.396437443,0.312778483,0.238708593,-0.195610561,0,-0.060479312,0,0,-0.052029555,0
42,0,0,0.220295369,0,0,0,0,0,0,0,0,0.045844439,0,-0.049758427,0,-0.095764075,-0.256441368,0,0,0,-0.037642134,0.466074502,-0.004487966,0,0,0,0,0,0.584768839,0,0,-0.018512495,0,0,0,0,0,-0.201881135,0,-0.15694806,0,0,0,0.375724529,-0.525215164,0,0,0,0,0
43,0,0,0,0,0,0,0,0,0,-0.634562097,0,0,0,0,-0.702698476,-0.364272429,-0.208711451,0,0,0,0,0,0,0.039727928,0,0,0,0,0,0.64447367,0,0,0,-0.304911626,-0.077463455,0,-0.166904344,-0.006195047,0.239550393,0.179821826,0,0,-0.523866158,-0.013396654,0,0.070999526,0,0,0,-0.01632919
44,0,0,0,0,-0.126520993,0,0,0,0,0,0,0,0,-0.18237438,0,0,-0.242705326,-0.120084889,0,0,0.049831941,0.237293602,-0.475142683,0,0,-0.542218447,-0.292697801,0,-0.005362377,0,0,0,0,0,0,0,0,0.011345155,0,0,0,-0.062008416,0,0,0,0.213930462,-0.283204722,-0.567257439,-0.232923528,0
45,0,0,0.084112796,0,0,0,0,0,0,0,-0.065660219,0,0,-0.277778663,-0.036011552,0,0,0,0,0,-0.095278323,0,0,0,0,-0.516224646,-0.187720264,0,0,0,0,0,0,0,0,0,0,-0.324039865,0,0,0,0,-0.155128848,0.079848998,0,-0.168892925,0,-0.25994621,0,0
46,0,0,0,0,0.456982954,0,0,0,-0.322506421,0,0,0,0,0,0,0,0,0.056407391,0.03182486,-0.227534809,0,0,0,0,0,-0.529116,0,0,0,0.008922993,0,0.146814051,0,0.329671108,0.127481346,0,0,-0.070198784,0,-0.154626813,0,0,-0.636920963,0.049487967,0,-0.526146571,0,0,-0.401400067,0
47,-0.366610652,0.080967983,0,-0.000125243,0.062578233,0,0,0,0,0.052653383,0.08289986,0,0.068970155,0.018039003,0.047144723,0.179931644,0,0,0,0,0,0,0,0,0.196820665,-0.429467155,0,0,0,0,0,0,-0.149625123,-0.149714947,0.053640238,0,-0.223815889,0,0,0,0.221791314,0,0,0,-0.508590989,0.007191497,0,0,0,0
48,0,0,0,0,0,0,0,-0.05979428,0,0,0.022023654,0,0,0,0,-0.003914763,0,0,0,0,0,0,0,0,0,0.131195602,0,-0.359302478,0.098473235,0.040709131,0,0,0,0,0.376991928,0,0,0,-0.518525645,0,0.299278015,0.139329813,0,0,-0.079057331,0.344840826,0,0,0,0
49,-0.20695023,0,0,0,0,0,0,0,0,0,0,0.246782258,0,0,0,-0.191473602,0,0,0,0,0,0,0.325619619,0,0,0.3351477,0.638338795,0,0,0.175573585,0,0,0,0.326639887,0.263611176,0,-0.214858538,0.202032796,0,0,-0.144232227,0.054829184,0,0,0,0,-0.036719231,0.209484925,0,0
50,0,-0.139245954,0,0,0,0,0,0,0,0.104630995,-0.368807457,0,-0.182662225,0,0,0,-0.066845678,-0.002640704,0.384349516,0,0,0,-0.027661577,0,0,0,0.250525004,0,0,0,0,0,0.263065142,0,0.190004173,0.113696152,0,0,0,0,-0.302954675,0,-0.59623645,0,0,0,0.846395155,0,0,0
51,0,-0.380219213,0,0,0,0,0,0.357383767,0.191540615,0,0.173331922,0,0,0,0,0,0,0,0,0,0.023750277,0,0,0.040440459,0,0.369243473,0,0.38951185,-0.491136831,0,0.086238751,0,0,0.204940634,0.132680974,0,0,0,0,0,0,0,0,0,0,0.06090951,0,-0.156444385,0,0
52,0,-0.05469577,0,0,0,0,0,0,0,-0.116295496,0,0,0,0,0,0,-0.540519282,0,0,0,0,0,0,-0.091070773,0.096390261,0.072044776,0,-0.049041445,0,0.156403209,0,0,0,0,0,0,0,0,0,0,0,0,0.462250058,0,-0.067318727,0,0,0.118392696,0,0
53,-0.227673486,0.178614959,0,0,0.395144473,0.024836027,0,0,0.085334318,0,0.73788048,-0.704541492,0.043041452,0,0,0,0,0,0,-0.600422786,0,0,0,-0.540326057,0,0.423083681,-0.223442284,0.37152935,0,0.005327801,0,0,0.182909699,0,0.297455706,0,0.107189941,0,0,0,0,0,0,0,0.018163797,0,-0.372708011,0,0,0
54,0.030513274,0,0,0,-0.0269247,0,0,0,0,0,0,0,0,-0.350043373,0,0,-0.215046678,0,0,0,-0.04528018,0.159332047,0,0,0.162546851,0,0,0,0,-0.119317782,0,0,0,0,0,0,-0.422768952,0,0,0,0.106478276,0,0.226456347,0,-0.268972573,0,0,0,0,0
55,0,0,0,0,0,-0.368022851,0,0,0,0,0,-0.0658749,0,0.150587691,-0.082511783,0,0,0,0,0,0,0.17128564,0,0,0,0,0,0,0,0.014416388,0,0,0,0,0.45770178,-0.095920816,-0.071965026,0,0.075858687,0,0.232161525,0,0,0,-0.070763905,0,0,0,0,0
56,1.17460259,0.737230466,0.301952676,1.247554688,0.945370422,0.882612168,0.751463376,0.861363435,0.194913719,1.369686325,0.636721662,0.68231969,0.644041352,0.972087964,0.638416629,0.80870012,1.086329546,0.955846067,0.803968376,0.783971183,0.741819691,0.782540715,0.564121983,0.689959946,0.359075286,0.42179913,0.394805736,0.505532041,0.846420073,1.074732754,1.040360505,0.660384109,0.944679205,0.68798289,0.95112086,1.283789979,1.078140553,0.867328057,0.360459401,1.061974384,0.957663917,1.092472165,0.778236029,1.278536808,0.980157684,1.222375881,1.13986792,0.67008409,0.264054012,0.840949881
57,1.019501041,0.591224327,0.782655078,0.491257684,0.24188836,0.887373903,0.606890208,1.34936264,0.659052042,1.16668081,0.938749016,0.772297366,0.157553857,0.789122218,0.995710029,0.81314974,0.870631095,0.982349827,0.812893246,0.821316585,1.002657379,0.700224779,0.856605719,0.530400232,0.1562512,1.086016403,0.656253757,0.998275778,0.535735861,0.808392068,0.44397807,0.928198277,0.745479758,0.614176686,0.421668415,1.160091794,1.255606016,0.909159983,0.893444913,0.657557409,0.746244334,1.108598541,1.316832107,0.837793648,0.539951554,0.571207376,1.202109077,0.776755045,1.093994581,0.92063429
58,0.093677765,0.490747754,0.830077407,0.891949238,0.870364018,1.006674852,0.880706987,0.829617662,0.760778029,0.910023623,0.938492312,0.944976465,0.842626844,0.670358906,1.018360993,0.749017141,1.127961532,1.034883243,0.842945195,1.125017552,0.548472767,1.072861266,0.585004956,0.661494875,1.338427037,0.703502418,0.408737321,0.816648496,0.999657922,1.291054397,1.117759298,0.386137057,0.430531904,1.058802823,0.417934891,1.005953188,0.659619795,0.345572123,1.093196376,0.801702334,1.51449387,0.850150191,0.593005626,0.516274386,0.739026428,1.129209708,1.117108054,1.064192563,0.67261181,0
59,0.514487552,0.475515952,0.99626955,1.193352449,0.92598894,0.80890486,0.917504576,0.280134391,0.650745226,1.138648808,0.92416735,1.199826343,1.291131366,0.579441429,0.512152901,1.15348044,0.32490615,0.831068303,0.453856222,0.898820111,0.522534509,0.629993434,1.322002157,1.00430365,0.412697041,0.935349238,0.961898992,0.428682484,0.597186703,0.829904769,1.037036037,0.747206286,0.965428034,0.930740433,0.657362999,0.82598769,0.420618064,0.874064222,0.525103875,0.943747541,0.543895573,0.80750645,0.654131686,0.62465148,0.547325703,0.96242953,0.519900644,0.990068987,1.233661156,0.812047857
60,0,0.253896758,0,0,0,0.165604376,0,-0.227154377,0.209334513,0,0,0,-0.192511175,0,-0.058746803,0,0,-0.118135181,0,-0.201875206,0,0,0,0.153072231,0,0.099081817,-0.178473855,0,0,-0.212031404,0,-0.071601662,0.150891611,0,0,0,0,-0.195929694,0,-0.017649833,0,0,0,0,0.070755451,0.105223353,-0.042589759,0.297066586,0,0
61,0,0,-0.009650352,-0.268675423,0,0,0,0,0.278369185,0,0,-0.051226045,0,0,0,0,-0.342278955,0,0,0,-0.102637111,0,-0.312367144,0.076566559,0.214882035,0.143989252,-0.314519619,0,0,0.046905944,0,-0.031057104,0.003189311,0.083394472,0.490959982,0,-0.189459763,0,0,0.019160126,0.348199268,0.33927828,-0.104929936,0.150038096,0.125899296,0.488092261,0,0.147103844,0.2306756,0
62,0.338841469,0,0,0,0,0,-0.098144886,0,0,0,-0.332660319,-0.156205783,0,-0.114257091,0,0.027181909,0,0,0,0,0,0,0.000701114,0,0,0.655043291,-0.509828568,0,0,-0.011037295,0,-0.009340142,-0.029956055,-0.021750127,0.430948749,0.189047871,0.203827886,0.066683956,0,-0.001246233,0,0,0,0,0.045848933,-0.486593163,-0.825933908,0.448358374,0,0
63,-0.065252131,0,-0.001327576,0,-0.14995972,-0.1387853,-0.062183301,-0.218680488,-0.011899253,0.024086394,0,0.161038873,0,-0.087120269,0.121161577,-0.280015556,0,0,0.377628379,0,0,-0.034227778,0,0,-0.328373307,0.08813115,0,0,-0.212120808,0,0,0,0,0,-0.378521569,0,0,0,0,0,-0.016575563,0,-0.088116552,0,-0.141480856,0,0,0,0.27111091,0
64,0,0,0.324384514,0,0,0,0,0,0.045518246,-0.199999214,-0.146614674,-0.07644604,0,0,0,0,0.067231322,0,0,0,0,0.088353002,0,-0.190675935,0,0.138810088,0,0,0,0,0,0.071990124,0,0,-0.073416648,-0.294254136,0,0,0.639150425,0,0,0.024754647,0,0,0,0.085916545,-0.024733114,0.153261852,0,0
65,-0.448587893,0,0,0,0.196415202,-0.243152334,0.141725459,0,0,0.274118345,0.433038125,0,0,0,0.081605882,0.494329737,-0.058513827,0,0,-0.138354737,-0.485707718,0,0.055047541,0,0,-0.014107891,0.06904787,0,0,0.158647103,0,0,0,0,0.413677521,-0.353259297,-0.32875049,-0.308361756,0,0,0.232457575,0,0,0,-0.036137291,0,0,0,0,0
